{"avg_loss":3.5726456588506696,"_step":50,"gen":50,"_wandb":{"runtime":11},"num_elites":17,"min_vram":1423,"min_loss":3.3058765530586243,"population_plot_table":{"log_mode":"IMMUTABLE","size":12716,"artifact_path":"wandb-client-artifact://f2ak0l40vuu5663t95l9lho0bequ0v4r2lf4cgs8d45wynpfqb61ij4rfi4t8txicifmds0o5wr9q7hns1f24yf0kenli7vdha9v88z9k1202m7zwaejbp6yq158hqxu/population_plot_table.table.json","_latest_artifact_path":"wandb-client-artifact://i0qax2g35sfcdjxnjo01q6282jb7mpu2vrol4ez0qoyz3w2kj0r63a8zb65gwodhkv0ul060zo1towvj9h13cqll83sax1n7ixua48q02fs057ewzusatcbsaqumkbvj:latest/population_plot_table.table.json","nrows":100,"path":"media/table/population_plot_table_50_441645e09dd513f40c2a.table.json","_type":"table-file","ncols":5,"sha256":"441645e09dd513f40c2add7e14e912dbbcc57c123a2f2e101c190d9060d79f65"},"_runtime":11.7031946,"avg_vram":1673.215,"_timestamp":1.766847317941744e+09}