{"avg_loss":3.5763697040081026,"_wandb":{"runtime":11},"avg_vram":6421.6,"_timestamp":1.7668420156004753e+09,"gen":50,"min_vram":4246,"population_plot_table":{"size":12674,"ncols":5,"_latest_artifact_path":"wandb-client-artifact://pxq8b2ng94lbb3ea5un7gojhduelnh5vyv3z8mhnb1zjw7kn1qk2v59xgw1aqieb31x0q265abbz454s2f2dqgf8e7k49xhgtgj977kwdrs5dth9nw54bqeter301m94:latest/population_plot_table.table.json","sha256":"7ff246eb702425d01bee919514579f1aca8a371c3dca5f408f4f2b892cf5c1ca","artifact_path":"wandb-client-artifact://jhf8mb5k4luhkgy45f684g671t2d5huras1smjecwuhl1oq2jn189wg5l9eig6mf8n6ei00rew7nmya5bqsjky7m42ma098esc09ok2wp8judqz6m4c77890kpfa5wps/population_plot_table.table.json","_type":"table-file","log_mode":"IMMUTABLE","path":"media/table/population_plot_table_50_7ff246eb702425d01bee.table.json","nrows":100},"_step":50,"_runtime":11.763969,"num_elites":25,"min_loss":3.3066874742507935}